VideoTitle,Keyword1,Keyword2,Keyword3,Keyword4,Keyword5
Korean Medicine Deep Dive: The...,nice,video,great,rodam,korean
GAME CHANGING Korean skincare ...,you,love,your,are,the
Products k-beauty insiders are...,the,to,so,is,pretty
Ancient vs Modern Kbeauty ✨...,the,you,and,so,ancient
pink kbeauty lippies 🎀 #shorts...,the,and,so,of,these
COOLEST Korean Makeup HACKS?!!...,the,and,you,skin,for
YesStyle Haul💖 #kbeauty #makeu...,so,my,fyp,the,100
Viral K-Beauty Products That a...,the,it,and,is,my
K-Beauty vs J-Beauty : I Tried...,the,skin,for,one,it
My HONEST thoughts on viral sk...,the,it,to,and,skin
